recipe_id,ingredients,cooking_instructions,recipe_name,Net Price,image_path
1,"chicken, rice, onion, garlic, soy sauce",1. Cook rice. 2. Cook chicken with onion and garlic. 3. Combine cooked rice and chicken. 4. Add soy sauce.,Chicken Fried Rice,400,Recipes Pictures\Chicken Fried Rice.jpeg
2,"pasta, tomato sauce, ground beef, onion, garlic","1. Cook pasta. 2. Cook ground beef with onion and garlic. 3. Combine cooked pasta, beef, and tomato sauce.",Spaghetti Bolognese,450,Recipes Pictures\Spaghetti Bolognese.jpeg
3,"salmon, lemon, dill, olive oil",1. Season salmon with lemon and dill. 2. Grill the salmon. 3. Drizzle with olive oil.,Grilled Salmon,700,Recipes Pictures\Grilled Salmon.jpeg
4,"potato, butter, milk",1. Boil potatoes. 2. Mash potatoes and add butter and milk.,Mashed Potatoes,300,Recipes Pictures\Mashed Potatoes.jpeg
5,"lettuce, tomato, cucumber, onion, olive oil",1. Chop vegetables. 2. Combine vegetables. 3. Drizzle with olive oil.,Greek Salad,500,Recipes Pictures\Greek Salad.jpeg
6,"beef, onion, bell pepper, tomato, cumin",1. Cook beef with onion and bell pepper. 2. Add tomato and cumin. 3. Serve with tortillas.,Beef Fajitas,1250,Recipes Pictures\Beef Fajitas.jpeg
7,"chicken, tortilla, lettuce, cheese, salsa",1. Cook chicken. 2. Assemble ingredients in tortilla. 3. Top with cheese and salsa.,Chicken Tacos,800,Recipes Pictures\Chicken Tacos.jpeg
8,"rice, beans, avocado, tomato, cilantro","1. Cook rice. 2. Mix with beans, avocado, tomato, and cilantro.",Rice and Beans Bowl,300,Recipes Pictures\Rice and Beans Bowl.jpeg
9,"egg, cheese, spinach, tomato, onion","1. Scramble eggs. 2. Add cheese, spinach, tomato, and onion.",Spinach and Cheese Omelette,250,Recipes Pictures\Spinach and Cheese Omelette.jpeg
11,"quinoa, black beans, corn, bell pepper, lime","1. Cook quinoa. 2. Mix with black beans, corn, bell pepper, and lime dressing.",Quinoa Salad,450,Recipes Pictures\Quinoa Salad.jpeg
12,"shrimp, pasta, garlic, butter, lemon",1. Cook pasta. 2. Sauté shrimp with garlic and butter. 3. Combine with pasta and lemon.,Garlic Lemon Shrimp Pasta,950,Recipes Pictures\Garlic Lemon Shrimp Pasta.jpeg
13,"salmon, asparagus, lemon, olive oil",1. Season salmon and asparagus with lemon and olive oil. 2. Roast in the oven.,Roasted Salmon and Asparagus,1000,Recipes Pictures\Roasted Salmon and Asparagus.jpeg
14,"chicken, broccoli, teriyaki sauce, sesame seeds",1. Cook chicken. 2. Steam broccoli. 3. Toss with teriyaki sauce and sesame seeds.,Teriyaki Chicken with Broccoli,750,Recipes Pictures\Teriyaki Chicken with Broccoli.jpeg
16,"penne pasta, cream, parmesan cheese, bacon, peas","1. Cook pasta. 2. Combine with cream, parmesan cheese, cooked bacon, and peas.",Creamy Bacon Pea Pasta,650,Recipes Pictures\Creamy Bacon Pea Pasta.jpeg
17,"ground turkey, onion, garlic, chili powder, beans",1. Cook ground turkey with onion and garlic. 2. Add chili powder and beans.,Turkey Chili,250,Recipes Pictures\Turkey Chili.jpeg
18,"potatoes, bell pepper, onion, sausage, eggs",1. Cook potatoes and sausage with bell pepper and onion. 2. Add eggs.,Sausage and Potato Skillet,800,Recipes Pictures\Sausage and Potato Skillet.jpeg
19,"salmon, cucumber, yogurt, dill, lemon","1. Grill salmon. 2. Mix yogurt with cucumber, dill, and lemon. 3. Serve with salmon.",Grilled Salmon with Cucumber Yogurt Sauce,900,Recipes Pictures\Grilled Salmon with Cucumber Yogurt Sauce.jpeg
20,"pasta, broccoli, garlic, red pepper flakes, olive oil",1. Cook pasta. 2. Sauté broccoli and garlic with red pepper flakes and olive oil. 3. Combine with pasta.,Garlic Broccoli Pasta,400,Recipes Pictures\Garlic Broccoli Pasta.jpeg
21,"chicken, bell pepper, onion, pineapple, soy sauce",1. Cook chicken with bell pepper and onion. 2. Add pineapple and soy sauce.,Sweet and Sour Chicken,600,Recipes Pictures\Sweet and Sour Chicken.jpeg
22,"rice, ground beef, onion, bell pepper, tomato",1. Cook rice. 2. Cook ground beef with onion and bell pepper. 3. Add tomato.,Stuffed Bell Peppers,300,Recipes Pictures\Stuffed Bell Peppers.jpeg
23,"pasta, shrimp, garlic, butter, parsley",1. Cook pasta. 2. Sauté shrimp with garlic and butter. 3. Combine with pasta and parsley.,Garlic Butter Shrimp Pasta,900,Recipes Pictures\Garlic Butter Shrimp Pasta.jpeg
24,"beef, tortilla, cheese, lettuce, salsa",1. Cook beef. 2. Assemble ingredients in tortilla. 3. Top with cheese and salsa.,Beef Burritos,1100,Recipes Pictures\Beef Burritos.jpeg
25,"egg, spinach, mushroom, onion, cheese","1. Sauté spinach, mushroom, and onion. 2. Add scrambled eggs. 3. Top with cheese.",Spinach Mushroom Breakfast Scramble,550,Recipes Pictures\Spinach Mushroom Breakfast Scramble.jpeg
26,"salmon, lemon, rosemary, butter",1. Season salmon with lemon and rosemary. 2. Cook in butter.,Lemon Rosemary Salmon,840,Recipes Pictures\Lemon Rosemary Salmon.jpeg
27,"chicken, teriyaki sauce, pineapple, bell pepper, onion","1. Cook chicken. 2. Toss with teriyaki sauce, pineapple, bell pepper, and onion.",Teriyaki Chicken Stir-Fry,950,Recipes Pictures\Teriyaki Chicken Stir-Fry.jpeg
28,"quinoa, chicken, black beans, corn, avocado","1. Cook quinoa and chicken. 2. Mix with black beans, corn, and avocado.",Quinoa Chicken Bowl,1100,Recipes Pictures\Quinoa Chicken Bowl.jpeg
29,"pasta, pesto sauce, tomato, mozzarella cheese, basil","1. Cook pasta. 2. Toss with pesto sauce, tomato, mozzarella cheese, and basil.",Pesto Caprese Pasta,650,Recipes Pictures\Pesto Caprese Pasta.jpeg
30,"shrimp, avocado, tomato, onion, cilantro","1. Sauté shrimp. 2. Mix with diced avocado, tomato, onion, and cilantro.",Shrimp Avocado Salsa,950,Recipes Pictures\Shrimp Avocado Salsa.jpeg
31,"chicken, barbecue sauce, corn, black beans, cilantro","1. Cook chicken. 2. Mix with barbecue sauce, corn, black beans, and cilantro.",Barbecue Chicken Salad,850,Recipes Pictures\Barbecue Chicken Salad.jpeg
32,"rice, beef, broccoli, carrot, soy sauce",1. Cook rice. 2. Cook beef with broccoli and carrot. 3. Add soy sauce.,Beef and Broccoli Stir-Fry,1150,Recipes Pictures\Beef and Broccoli Stir-Fry.jpeg
33,"pasta, tomato sauce, garlic, olive oil, basil",1. Cook pasta. 2. Sauté garlic in olive oil. 3. Add tomato sauce and basil.,Classic Tomato Pasta,400,Recipes Pictures\Classic Tomato Pasta.jpeg
34,"salmon, garlic, lemon, olive oil, thyme","1. Season salmon with garlic, lemon, olive oil, and thyme. 2. Roast in the oven.",Roasted Lemon Thyme Salmon,1050,Recipes Pictures\Roasted Lemon Thyme Salmon.jpeg
35,"chicken, onion, bell pepper, tomato, chili powder",1. Cook chicken with onion and bell pepper. 2. Add tomato and chili powder.,Chicken Fajitas,1000,Recipes Pictures\Chicken Fajitas.jpeg
36,"potatoes, bacon, cheddar cheese, green onion, sour cream","1. Cook potatoes. 2. Top with cooked bacon, cheddar cheese, green onion, and sour cream.",Loaded Baked Potatoes,450,Recipes Pictures\Loaded Baked Potatoes.jpeg
37,"beef, cheese, lettuce, tomato, onion","1. Cook beef. 2. Assemble ingredients in buns. 3. Top with cheese, lettuce, tomato, and onion.",Cheeseburgers,600,Recipes Pictures\Cheeseburgers.jpeg
38,"rice, chicken, bell pepper, onion, pineapple",1. Cook rice. 2. Cook chicken with bell pepper and onion. 3. Add pineapple.,Pineapple Chicken Rice Bowl,950,Recipes Pictures\Pineapple Chicken Rice Bowl.jpeg
39,"pasta, chicken, alfredo sauce, broccoli, garlic",1. Cook pasta. 2. Cook chicken with garlic. 3. Combine with alfredo sauce and steamed broccoli.,Chicken Alfredo with Broccoli,900,Recipes Pictures\Chicken Alfredo with Broccoli.jpeg
40,"shrimp, garlic, lemon, butter, parsley",1. Sauté shrimp with garlic and butter. 2. Squeeze lemon and add parsley.,Garlic Lemon Butter Shrimp,950,Recipes Pictures\Garlic Lemon Butter Shrimp.jpeg
41,"chicken, lemon, garlic, rosemary, olive oil","1. Season chicken with lemon, garlic, rosemary, and olive oil. 2. Roast in the oven.",Lemon Rosemary Roast Chicken,1400,Recipes Pictures\Lemon Rosemary Roast Chicken.jpeg
42,"rice, tofu, broccoli, carrot, soy sauce",1. Cook rice. 2. Sauté tofu with broccoli and carrot. 3. Add soy sauce.,Tofu Stir-Fry,650,Recipes Pictures\Tofu Stir-Fry.jpeg
43,"pasta, marinara sauce, mushroom, onion, basil",1. Cook pasta. 2. Sauté mushroom and onion. 3. Add marinara sauce and basil.,Mushroom Marinara Pasta,1100,Recipes Pictures\Mushroom Marinara Pasta.jpeg
44,"salmon, spinach, lemon, garlic, olive oil",1. Season salmon with lemon and garlic. 2. Sauté spinach with olive oil. 3. Serve with salmon.,Garlic Spinach Salmon,950,Recipes Pictures\Garlic Spinach Salmon.jpeg
45,"chicken, ranch dressing, bacon, cheese, lettuce","1. Cook chicken. 2. Assemble ingredients in wraps. 3. Top with ranch dressing, bacon, cheese, and lettuce.",Chicken Ranch Wraps,700,Recipes Pictures\Chicken Ranch Wraps.jpeg
47,"pasta, pesto sauce, chicken, sun-dried tomato, spinach","1. Cook pasta and chicken. 2. Toss with pesto sauce, sun-dried tomato, and spinach.",Pesto Chicken Pasta,800,Recipes Pictures\Pesto Chicken Pasta.jpeg
48,"shrimp, pasta, tomato, garlic, chili flakes","1. Cook pasta. 2. Sauté shrimp with tomato, garlic, and chili flakes. 3. Combine with pasta.",Spicy Tomato Shrimp Pasta,950,Recipes Pictures\Spicy Tomato Shrimp Pasta.jpeg
49,"beef, potato, carrot, onion, beef broth","1. Cook beef with onion. 2. Add potato, carrot, and beef broth. 3. Simmer until vegetables are tender.",Beef Stew,1050,Recipes Pictures\Beef Stew.jpeg
52,"spaghetti, garlic, olive oil, red pepper flakes, parsley",1. Cook spaghetti. 2. Sauté garlic and red pepper flakes in olive oil. 3. Toss with cooked spaghetti and parsley.,Aglio e Olio,750,Recipes Pictures\Aglio e Olio.jpeg
53,"beef, mushrooms, onion, sour cream, butter",1. Cook beef with mushrooms and onion. 2. Add sour cream and butter. 3. Serve over noodles.,Beef Stroganoff,700,Recipes Pictures\Beef Stroganoff.jpeg
54,"chicken, bell pepper, onion, black beans, corn",1. Cook chicken with bell pepper and onion. 2. Add black beans and corn. 3. Serve over rice.,Chicken and Black Bean Bowl,900,Recipes Pictures\Chicken and Black Bean Bowl.jpeg
55,"pasta, pesto sauce, pine nuts, parmesan cheese, basil","1. Cook pasta. 2. Toss with pesto sauce, toasted pine nuts, parmesan cheese, and fresh basil.",Pesto Pasta with Pine Nuts,1100,Recipes Pictures\Pesto Pasta with Pine Nuts.jpeg
56,"salmon, garlic, ginger, soy sauce, honey","1. Marinate salmon in garlic, ginger, soy sauce, and honey. 2. Grill until cooked through.",Honey Garlic Salmon,1100,Recipes Pictures\Honey Garlic Salmon.jpeg
60,"shrimp, garlic, lemon, parsley, white wine",1. Sauté shrimp with garlic and lemon. 2. Add white wine and parsley. 3. Serve over pasta.,Garlic Lemon Shrimp Linguine,900,Recipes Pictures\Garlic Lemon Shrimp Linguine.jpeg
61,"chicken, bell pepper, onion, pineapple, teriyaki sauce",1. Cook chicken with bell pepper and onion. 2. Add pineapple and teriyaki sauce.,Teriyaki Chicken with Pineapple,1000,Recipes Pictures\Teriyaki Chicken with Pineapple.jpeg
62,"rice, ground beef, black beans, bell pepper, salsa",1. Cook rice. 2. Cook ground beef with bell pepper. 3. Mix with black beans and salsa.,Mexican Beef and Rice,1250,Recipes Pictures\Mexican Beef and Rice.jpeg
63,"pasta, tomato sauce, mozzarella cheese, basil, olive oil","1. Cook pasta. 2. Toss with tomato sauce, mozzarella cheese, basil, and a drizzle of olive oil.",Caprese Pasta,650,Recipes Pictures\Caprese Pasta.jpeg
64,"salmon, asparagus, garlic, lemon, butter","1. Season salmon and asparagus with garlic, lemon, and butter. 2. Roast in the oven.",Lemon Butter Salmon and Asparagus,1100,Recipes Pictures\Lemon Butter Salmon and Asparagus.jpeg
66,"pasta, garlic, anchovies, red pepper flakes, olive oil",1. Cook pasta. 2. Sauté garlic and anchovies in olive oil. 3. Toss with pasta and red pepper flakes.,Spaghetti Aglio e Olio,750,Recipes Pictures\Spaghetti Aglio e Olio.jpeg
67,"chicken, bell pepper, onion, zucchini, taco seasoning",1. Cook chicken with bell pepper and onion. 2. Add zucchini and taco seasoning. 3. Serve in tortillas.,Chicken Taco Filling,500,Recipes Pictures\Chicken Taco Filling.jpeg
68,"rice, shrimp, peas, carrots, soy sauce","1. Cook rice. 2. Sauté shrimp with peas, carrots, and soy sauce. 3. Serve with rice.",Shrimp Fried Rice,850,Recipes Pictures\Shrimp Fried Rice.jpeg
69,"beef, bell pepper, onion, tomatoes, chili powder",1. Cook beef with bell pepper and onion. 2. Add tomatoes and chili powder. 3. Simmer until thickened.,Chili Con Carne,350,Recipes Pictures\Chili Con Carne.jpeg
71,"pasta, alfredo sauce, shrimp, spinach, garlic","1. Cook pasta. 2. Mix with alfredo sauce, sautéed shrimp, spinach, and garlic.",Shrimp and Spinach Alfredo,1100,Recipes Pictures\Shrimp and Spinach Alfredo.jpeg
72,"chicken, bell pepper, onion, black beans, rice",1. Cook chicken with bell pepper and onion. 2. Mix with black beans and serve over rice.,Chicken and Black Bean Rice Bowl,900,Recipes Pictures\Chicken and Black Bean Rice Bowl.jpeg
73,"potatoes, bacon, cheddar cheese, sour cream, chives","1. Bake potatoes. 2. Top with bacon, cheddar cheese, sour cream, and chives.",Loaded Potato Skins,500,Recipes Pictures\Loaded Potato Skins.jpeg
74,"beef, bell pepper, onion, mushrooms, garlic","1. Sauté beef with bell pepper, onion, mushrooms, and garlic. 2. Serve over egg noodles.",Beef and Mushroom Stroganoff,1450,Recipes Pictures\Beef and Mushroom Stroganoff.jpeg
75,"pasta, tomato sauce, ground turkey, garlic, basil",1. Cook pasta. 2. Cook ground turkey with garlic and basil. 3. Mix with tomato sauce.,Turkey Bolognese,1100,Recipes Pictures\Turkey Bolognese.jpeg
76,"salmon, garlic, ginger, soy sauce, sesame seeds","1. Marinate salmon in garlic, ginger, soy sauce, and sesame seeds. 2. Grill until cooked through.",Sesame Ginger Salmon,1000,Recipes Pictures\Sesame Ginger Salmon.jpeg
78,"pasta, alfredo sauce, bacon, peas, parmesan cheese","1. Cook pasta. 2. Mix with alfredo sauce, cooked bacon, peas, and parmesan cheese.",Bacon Alfredo Pasta,750,Recipes Pictures\Bacon Alfredo Pasta.jpeg
79,"shrimp, garlic, lemon, parsley, linguine",1. Sauté shrimp with garlic and lemon. 2. Toss with parsley and linguine.,Lemon Garlic Shrimp Linguine,1000,Recipes Pictures\Lemon Garlic Shrimp Linguine.jpeg
80,"chicken, bell pepper, onion, pineapple, sweet and sour sauce",1. Cook chicken with bell pepper and onion. 2. Add pineapple and sweet and sour sauce.,Sweet and Sour Chicken Stir-Fry,950,Recipes Pictures\Sweet and Sour Chicken Stir-Fry.jpeg
81,"rice, ground beef, black beans, corn, taco seasoning","1. Cook rice. 2. Cook ground beef with black beans, corn, and taco seasoning. 3. Serve in bowls.",Taco Rice Bowls,700,Recipes Pictures\Taco Rice Bowls.jpeg
82,"pasta, garlic, olive oil, broccoli, parmesan cheese",1. Cook pasta. 2. Sauté garlic and broccoli in olive oil. 3. Toss with parmesan cheese.,Garlic Broccoli Parmesan Pasta,800,Recipes Pictures\Garlic Broccoli Parmesan Pasta.jpeg
83,"chicken, barbecue sauce, coleslaw, pickles, buns",1. Cook chicken. 2. Toss with barbecue sauce. 3. Serve on buns with coleslaw and pickles.,Barbecue Chicken Sandwiches,1000,Recipes Pictures\Barbecue Chicken Sandwiches.jpeg
85,"pasta, alfredo sauce, chicken, spinach, sun-dried tomatoes","1. Cook pasta and chicken. 2. Mix with alfredo sauce, spinach, and sun-dried tomatoes.",Chicken and Spinach Alfredo,900,Recipes Pictures\Chicken and Spinach Alfredo.jpeg
86,"salmon, lemon, garlic, thyme, olive oil","1. Season salmon with lemon, garlic, thyme, and olive oil. 2. Bake in the oven.",Lemon Garlic Thyme Salmon,850,Recipes Pictures\Lemon Garlic Thyme Salmon.jpeg
87,"beef, bell pepper, onion, teriyaki sauce, sesame seeds",1. Sauté beef with bell pepper and onion. 2. Toss with teriyaki sauce and sesame seeds.,Teriyaki Beef Stir-Fry,1250,Recipes Pictures\Teriyaki Beef Stir-Fry.jpeg
89,"pasta, garlic, olive oil, cherry tomatoes, basil",1. Cook pasta. 2. Sauté garlic and cherry tomatoes in olive oil. 3. Toss with basil.,Garlic Cherry Tomato Pasta,750,Recipes Pictures\Garlic Cherry Tomato Pasta.jpeg
90,"chicken, bell pepper, onion, garlic, Cajun seasoning","1. Cook chicken with bell pepper, onion, garlic, and Cajun seasoning. 2. Serve over rice.",Cajun Chicken and Rice,850,Recipes Pictures\Cajun Chicken and Rice.jpeg
91,"pasta, garlic, olive oil, red pepper flakes, parmesan cheese",1. Cook pasta. 2. Sauté garlic and red pepper flakes in olive oil. 3. Toss with cooked pasta and parmesan cheese.,Spicy Garlic Pasta,600,Recipes Pictures\Spicy Garlic Pasta.jpeg
93,"chicken, lemon, garlic, oregano, olive oil","1. Season chicken with lemon, garlic, oregano, and olive oil. 2. Grill until cooked through.",Lemon Oregano Chicken,800,Recipes Pictures\Lemon Oregano Chicken.jpeg
94,"potatoes, garlic, butter, chives, sour cream","1. Bake potatoes. 2. Top with garlic butter, chives, and sour cream.",Garlic Butter Smashed Potatoes,650,Recipes Pictures\Garlic Butter Smashed Potatoes.jpeg
95,"shrimp, garlic, white wine, lemon, butter",1. Sauté shrimp with garlic and white wine. 2. Squeeze lemon and add butter. 3. Serve with crusty bread.,Garlic Lemon Butter Shrimp Scampi,900,Recipes Pictures\Garlic Lemon Butter Shrimp Scampi.jpeg
97,"pasta, tomato sauce, ground beef, garlic, basil",1. Cook pasta. 2. Cook ground beef with garlic and basil. 3. Mix with tomato sauce.,Basil Meatball Pasta,1200,Recipes Pictures\Basil Meatball Pasta.jpeg
98,"salmon, garlic, dill, lemon, butter","1. Season salmon with garlic, dill, and lemon zest. 2. Sauté in butter until golden.",Garlic Dill Butter Salmon,1150,Recipes Pictures\Garlic Dill Butter Salmon.jpeg
99,"beef, bell pepper, onion, teriyaki sauce, sesame seeds",1. Sauté beef with bell pepper and onion. 2. Toss with teriyaki sauce and sesame seeds.,Teriyaki Beef and Vegetables,1100,Recipes Pictures\Teriyaki Beef and Vegetables.jpeg
102,"chicken, lemon, garlic, paprika, olive oil","1. Season chicken with lemon, garlic, paprika, and olive oil. 2. Grill until cooked through.",Lemon Paprika Grilled Chicken,1050,Recipes Pictures\Lemon Paprika Grilled Chicken.jpeg
103,"rice, black beans, corn, bell pepper, cumin","1. Cook rice. 2. Mix with black beans, corn, bell pepper, and a pinch of cumin.",Cumin Rice and Beans,550,Recipes Pictures\Cumin Rice and Beans.jpeg
104,"shrimp, garlic, tomato, basil, white wine",1. Sauté shrimp with garlic and tomatoes. 2. Add white wine and basil. 3. Serve over linguine.,Garlic Basil Shrimp Linguine,950,Recipes Pictures\Garlic Basil Shrimp Linguine.jpeg
106,"pasta, alfredo sauce, chicken, peas, mushrooms","1. Cook pasta. 2. Mix with alfredo sauce, sautéed chicken, peas, and mushrooms.",Chicken Alfredo with Mushrooms,1250,Recipes Pictures\Chicken Alfredo with Mushrooms.jpeg
107,"salmon, lemon, garlic, dill, olive oil","1. Season salmon with lemon, garlic, and dill. 2. Roast in the oven with olive oil.",Lemon Dill Baked Salmon,950,Recipes Pictures\Lemon Dill Baked Salmon.jpeg
108,"beef, bell pepper, onion, hoisin sauce, sesame seeds",1. Cook beef with bell pepper and onion. 2. Toss with hoisin sauce and sesame seeds.,Hoisin Beef Stir-Fry,1200,Recipes Pictures\Hoisin Beef Stir-Fry.jpeg
110,"pasta, garlic, olive oil, spinach, parmesan cheese",1. Cook pasta. 2. Sauté garlic in olive oil. 3. Add spinach and cooked pasta. 4. Top with parmesan cheese.,Garlic Spinach Pasta,850,Recipes Pictures\Garlic Spinach Pasta.jpeg
111,"chicken, lemon, garlic, thyme, honey","1. Season chicken with lemon, garlic, thyme, and honey. 2. Bake in the oven until golden brown.",Honey Thyme Roast Chicken,1300,Recipes Pictures\Honey Thyme Roast Chicken.jpeg
112,"rice, ground beef, black beans, bell pepper, salsa",1. Cook rice. 2. Cook ground beef with bell pepper. 3. Mix with black beans and salsa.,Mexican Beef and Rice Bowl,1090,Recipes Pictures\Mexican Beef and Rice Bowl.jpeg
113,"pasta, tomato sauce, garlic, red pepper flakes, olives",1. Cook pasta. 2. Sauté garlic and red pepper flakes in olive oil. 3. Mix with tomato sauce and olives.,Spicy Olive Tomato Pasta,750,Recipes Pictures\Spicy Olive Tomato Pasta.jpeg
114,"salmon, lemon, garlic, butter, capers",1. Season salmon with lemon and garlic. 2. Sauté in butter with capers. 3. Serve over angel hair pasta.,Lemon Caper Butter Salmon,1000,Recipes Pictures\Lemon Caper Butter Salmon.jpeg
115,"beef, bell pepper, onion, ginger, soy sauce","1. Sauté beef with bell pepper, onion, ginger, and soy sauce. 2. Serve over jasmine rice.",Ginger Beef Stir-Fry,1200,Recipes Pictures\Ginger Beef Stir-Fry.jpeg
117,"pasta, alfredo sauce, chicken, broccoli, sun-dried tomatoes","1. Cook pasta and chicken. 2. Mix with alfredo sauce, steamed broccoli, and sun-dried tomatoes.",Chicken Alfredo with Sun-Dried Tomatoes,990,Recipes Pictures\Chicken Alfredo with Sun-Dried Tomatoes.jpeg
118,"shrimp, garlic, lemon, butter, parsley",1. Sauté shrimp with garlic in butter. 2. Squeeze lemon and add parsley. 3. Serve over linguine.,Garlic Lemon Butter Shrimp Pasta,1050,Recipes Pictures\Garlic Lemon Butter Shrimp Pasta.jpeg
120,"rice, tofu, broccoli, carrot, soy sauce",1. Cook rice. 2. Sauté tofu with broccoli and carrot. 3. Add soy sauce and green onions.,Tofu and Vegetable Stir-Fry,900,Recipes Pictures\Tofu and Vegetable Stir-Fry.jpeg
121,"salmon, garlic, lemon, thyme, butter","1. Season salmon with garlic, lemon, and thyme. 2. Cook in butter until flaky.",Garlic Lemon Thyme Salmon,1050,Recipes Pictures\Garlic Lemon Thyme Salmon.jpeg
122,"chicken, ginger, soy sauce, sesame oil, scallions","1. Marinate chicken in ginger, soy sauce, and sesame oil. 2. Grill and top with scallions.",Ginger Soy Chicken,1150,Recipes Pictures\Ginger Soy Chicken.jpeg
124,"beef, bell pepper, onion, garlic, hoisin sauce","1. Sauté beef with bell pepper, onion, and garlic. 2. Stir in hoisin sauce. 3. Serve over rice.",Hoisin Beef and Peppers,1250,Recipes Pictures\Hoisin Beef and Peppers.jpeg
125,"shrimp, garlic, lemon, parsley, white wine",1. Sauté shrimp with garlic in white wine. 2. Squeeze lemon and add parsley. 3. Serve over linguine.,Garlic Lemon Wine Shrimp Pasta,1200,Recipes Pictures\Garlic Lemon Wine Shrimp Pasta.jpeg
126,"chicken, lemon, rosemary, garlic, olive oil","1. Season chicken with lemon, rosemary, garlic, and olive oil. 2. Roast until golden brown.",Rosemary Lemon Roast Chicken,1250,Recipes Pictures\Rosemary Lemon Roast Chicken.jpeg
127,"rice, black beans, corn, cilantro, lime","1. Cook rice. 2. Mix with black beans, corn, cilantro, and lime juice.",Cilantro Lime Rice and Beans,750,Recipes Pictures\Cilantro Lime Rice and Beans.jpeg
129,"pasta, garlic, olive oil, sun-dried tomatoes, spinach",1. Cook pasta. 2. Sauté garlic in olive oil. 3. Mix with sun-dried tomatoes and spinach.,Garlic Spinach Sun-Dried Tomato Pasta,950,Recipes Pictures\Garlic Spinach Sun-Dried Tomato Pasta.jpeg
131,"chicken, lemon, garlic, thyme, honey","1. Season chicken with lemon, garlic, thyme, and honey. 2. Bake until tender and drizzle with honey.",Honey Thyme Baked Chicken,1050,Recipes Pictures\Honey Thyme Baked Chicken.jpeg
132,"rice, black-eyed peas, ham, onion, garlic","1. Cook rice. 2. Mix with black-eyed peas, ham, sautéed onion, and garlic.",Black-Eyed Peas and Rice,700,Recipes Pictures\Black-Eyed Peas and Rice.jpeg
136,"pasta, tomato sauce, garlic, basil, parmesan cheese","1. Cook pasta. 2. Sauté garlic in olive oil. 3. Mix with tomato sauce, basil, and parmesan cheese.",Garlic Basil Tomato Pasta,890,Recipes Pictures\Garlic Basil Tomato Pasta.jpeg
138,"beef, bell pepper, onion, teriyaki sauce, sesame seeds",1. Sauté beef with bell pepper and onion. 2. Toss with teriyaki sauce and sesame seeds.,Teriyaki Beef and Peppers,1250,Recipes Pictures\Teriyaki Beef and Peppers.jpeg
147,"chicken, lemon, garlic, thyme, honey","1. Season chicken with lemon, garlic, thyme, and honey. 2. Grill until cooked through.",Honey Lemon Thyme Grilled Chicken,1400,Recipes Pictures\Honey Lemon Thyme Grilled Chicken.jpeg
148,"pasta, garlic, olive oil, cherry tomatoes, basil",1. Cook pasta. 2. Sauté garlic in olive oil. 3. Mix with cherry tomatoes and fresh basil.,Garlic Tomato Basil Pasta,1000,Recipes Pictures\Garlic Tomato Basil Pasta.jpeg
149,"salmon, lemon, garlic, dill, butter","1. Season salmon with lemon, garlic, and dill. 2. Sauté in butter until flaky.",Dill Butter Lemon Salmon,950,Recipes Pictures\Dill Butter Lemon Salmon.jpeg
150,"beef, broccoli, garlic, soy sauce, sesame oil",1. Sauté beef with garlic in soy sauce and sesame oil. 2. Serve over steamed broccoli and rice.,Beef and Broccoli with Garlic Sauce,1190,Recipes Pictures\Beef and Broccoli with Garlic Sauce.jpeg
151,"chicken, lemon, rosemary, garlic, olive oil","1. Season chicken with lemon, rosemary, garlic, and olive oil. 2. Roast until golden brown.",Lemon Rosemary Roasted Chicken,1050,Recipes Pictures\Lemon Rosemary Roasted Chicken.jpeg
152,"pasta, garlic, olive oil, spinach, feta cheese",1. Cook pasta. 2. Sauté garlic in olive oil. 3. Mix with spinach and crumbled feta cheese.,Garlic Spinach Feta Pasta,850,Recipes Pictures\Garlic Spinach Feta Pasta.jpeg
154,"pasta, tomato sauce, garlic, basil, mozzarella cheese","1. Cook pasta. 2. Sauté garlic in olive oil. 3. Mix with tomato sauce, basil, and mozzarella cheese.",Garlic Tomato Mozzarella Pasta,900,Recipes Pictures\Garlic Tomato Mozzarella Pasta.jpeg
155,"salmon, lemon, garlic, butter, parsley","1. Season salmon with lemon, garlic, and parsley. 2. Sauté in butter until flaky.",Lemon Garlic Butter Parsley Salmon,1100,Recipes Pictures\Lemon Garlic Butter Parsley Salmon.jpeg
156,"beef, bell pepper, onion, ginger, teriyaki sauce","1. Sauté beef with bell pepper, onion, ginger, and teriyaki sauce. 2. Serve over rice.",Teriyaki Ginger Beef Stir-Fry,1450,Recipes Pictures\Teriyaki Ginger Beef Stir-Fry.jpeg
157,"chicken, lemon, garlic, thyme, honey","1. Season chicken with lemon, garlic, thyme, and honey. 2. Bake until tender and drizzle with honey.",Honey Lemon Thyme Baked Chicken,1050,Recipes Pictures\Honey Lemon Thyme Baked Chicken.jpeg
159,"salmon, lemon, garlic, dill, butter","1. Season salmon with lemon, garlic, and dill. 2. Sauté in butter until flaky.",Lemon Dill Butter Salmon,1100,Recipes Pictures\Lemon Dill Butter Salmon.jpeg
171,"chicken, yogurt, ginger-garlic paste, garam masala, turmeric powder, chili powder, cumin powder, coriander powder, salt, vegetable oil, onion, tomato, fresh cilantro leaves","1. Marinate the chicken in yogurt, ginger-garlic paste, garam masala, turmeric powder, chili powder, cumin powder, coriander powder, and salt. 2. Heat vegetable oil in a skillet and sauté chopped onion until translucent. 3. Add marinated chicken and cook until browned. 4. Stir in chopped tomato and cook until soft. 5. Garnish with fresh cilantro leaves before serving.",Chicken Curry,550,Recipes Pictures\Chicken Curry.jpeg
172,"basmati rice, water, ghee, cinnamon stick, green cardamom pods, cloves, bay leaf, salt","1. Wash the rice and soak it in water for 30 minutes. 2. In a large saucepan, heat ghee and add whole spices - cinnamon stick, green cardamom pods, cloves, and bay leaf. 3. Drain the soaked rice and add it to the saucepan. Stir to coat with ghee and spices. 4. Add water and salt. 5. Bring to a boil, then simmer until the rice is tender. 6. Fluff the rice before serving.",Indian Pulao,450,Recipes Pictures\Indian Pulao.jpeg
173,"lentils, water, vegetable oil, onion, garlic, ginger, cumin seeds, turmeric powder, chili powder, salt, fresh cilantro leaves","1. Rinse lentils and drain. 2. In a large pot, heat vegetable oil and add cumin seeds. 3. Sauté chopped onion, garlic, and ginger until fragrant. 4. Stir in turmeric powder and chili powder. 5. Add lentils and water, bring to a boil, then simmer until lentils are tender. 6. Season with salt. 7. Garnish with fresh cilantro leaves.",Lentil Curry (Dal),300,Recipes Pictures\Lentil Curry (Dal).jpeg
174,"chickpeas, onion, garlic, ginger, tomatoes, garam masala, turmeric powder, chili powder, cumin powder, coriander powder, salt, vegetable oil, fresh cilantro leaves","1. In a skillet, heat vegetable oil and sauté chopped onion until translucent. 2. Add minced garlic and ginger; cook for a minute. 3. Stir in garam masala, turmeric powder, chili powder, cumin powder, and coriander powder. 4. Add chopped tomatoes and cook until soft. 5. Add chickpeas and simmer until heated through. 6. Season with salt. 7. Garnish with fresh cilantro leaves.",Chana Masala,300,Recipes Pictures\Chana Masala.jpeg
175,"potatoes, cauliflower, peas, vegetable oil, cumin seeds, ginger, garlic, green chili peppers, turmeric powder, chili powder, cumin powder, coriander powder, garam masala, salt, fresh cilantro leaves","1. Heat vegetable oil in a pan and add cumin seeds. 2. Sauté minced ginger, garlic, and green chili peppers. 3. Add turmeric powder, chili powder, cumin powder, coriander powder, and garam masala. 4. Add diced potatoes, cauliflower florets, and peas. 5. Cook until vegetables are tender. 6. Season with salt. 7. Garnish with fresh cilantro leaves.",Aloo Gobi,250,Recipes Pictures\Aloo Gobi.jpeg
176,"paneer, onion, tomatoes, ginger, garlic, garam masala, turmeric powder, chili powder, cumin powder, coriander powder, salt, vegetable oil, fresh cilantro leaves","1. Heat vegetable oil in a pan and sauté chopped onion until golden brown. 2. Add minced ginger and garlic; cook for a minute. 3. Stir in garam masala, turmeric powder, chili powder, cumin powder, and coriander powder. 4. Add chopped tomatoes and cook until soft. 5. Add cubed paneer and simmer until heated through. 6. Season with salt. 7. Garnish with fresh cilantro leaves.",Paneer Tikka Masala,750,Recipes Pictures\Paneer Tikka Masala.jpeg
177,"spinach, paneer, onion, tomatoes, ginger, garlic, garam masala, turmeric powder, chili powder, cumin powder, salt, vegetable oil, fresh cilantro leaves","1. Heat vegetable oil in a pan and sauté chopped onion until translucent. 2. Add minced ginger and garlic; cook for a minute. 3. Stir in garam masala, turmeric powder, chili powder, and cumin powder. 4. Add chopped tomatoes and cook until soft. 5. Add paneer cubes and spinach. 6. Cook until spinach wilts and paneer is heated through. 7. Season with salt. 8. Garnish with fresh cilantro leaves.",Palak Paneer,550,Recipes Pictures\Palak Paneer.jpeg
178,"chicken, yogurt, ginger-garlic paste, garam masala, turmeric powder, chili powder, cumin powder, coriander powder, salt, vegetable oil, onion, tomatoes, fresh cilantro leaves","1. Marinate chicken in yogurt, ginger-garlic paste, garam masala, turmeric powder, chili powder, cumin powder, coriander powder, and salt. 2. Heat vegetable oil in a skillet and sauté chopped onion until golden brown. 3. Add chopped tomatoes and cook until soft. 4. Add marinated chicken and cook until browned. 5. Garnish with fresh cilantro leaves before serving.",Butter Chicken,450,Recipes Pictures\Butter Chicken.jpeg
179,"lamb, yogurt, ginger-garlic paste, garam masala, turmeric powder, chili powder, cumin powder, coriander powder, salt, vegetable oil, onion, tomatoes, fresh cilantro leaves","1. Marinate lamb in yogurt, ginger-garlic paste, garam masala, turmeric powder, chili powder, cumin powder, coriander powder, and salt. 2. Heat vegetable oil in a skillet and sauté chopped onion until golden brown. 3. Add chopped tomatoes and cook until soft. 4. Add marinated lamb and cook until browned. 5. Garnish with fresh cilantro leaves before serving.",Lamb Curry,550,Recipes Pictures\Lamb Curry.jpeg
180,"shrimp, onion, tomatoes, ginger, garlic, garam masala, turmeric powder, chili powder, cumin powder, coriander powder, salt, vegetable oil, fresh cilantro leaves","1. Heat vegetable oil in a skillet and sauté chopped onion until translucent. 2. Add minced ginger and garlic; cook for a minute. 3. Stir in garam masala, turmeric powder, chili powder, cumin powder, and coriander powder. 4. Add chopped tomatoes and cook until soft. 5. Add shrimp and cook until pink and cooked through. 6. Season with salt. 7. Garnish with fresh cilantro leaves.",Shrimp Curry,650,Recipes Pictures\Shrimp Curry.jpeg
181,"fish fillets, turmeric powder, chili powder, cumin powder, salt, vegetable oil, onion, ginger, garlic, tomatoes, green chili peppers, fresh cilantro leaves","1. Marinate fish fillets with turmeric powder, chili powder, cumin powder, and salt. 2. Heat vegetable oil in a skillet and sauté chopped onion until translucent. 3. Add minced ginger, garlic, and green chili peppers; cook for a minute. 4. Add chopped tomatoes and cook until soft. 5. Add marinated fish and cook until it flakes easily. 6. Garnish with fresh cilantro leaves before serving.",Fish Curry,600,Recipes Pictures\Fish Curry.jpeg
183,"potatoes, green peas, vegetable oil, cumin seeds, ginger, green chili peppers, turmeric powder, chili powder, cumin powder, salt, fresh cilantro leaves","1. Heat vegetable oil in a pan and add cumin seeds. 2. Sauté minced ginger and green chili peppers. 3. Add diced potatoes and green peas. 4. Stir in turmeric powder, chili powder, and cumin powder. 5. Cook until potatoes are tender. 6. Season with salt. 7. Garnish with fresh cilantro leaves.",Aloo Matar,250,Recipes Pictures\Aloo Matar.jpeg
184,"okra, vegetable oil, cumin seeds, onion, ginger, garlic, turmeric powder, chili powder, cumin powder, coriander powder, salt, fresh cilantro leaves","1. Heat vegetable oil in a pan and add cumin seeds. 2. Sauté chopped onion until translucent. 3. Add minced ginger and garlic; cook for a minute. 4. Stir in turmeric powder, chili powder, cumin powder, and coriander powder. 5. Add sliced okra and cook until tender. 6. Season with salt. 7. Garnish with fresh cilantro leaves.",Bhindi Masala,300,Recipes Pictures\Bhindi Masala.jpeg
185,"eggplant, vegetable oil, cumin seeds, onion, ginger, garlic, tomatoes, turmeric powder, chili powder, cumin powder, coriander powder, salt, fresh cilantro leaves","1. Heat vegetable oil in a pan and add cumin seeds. 2. Sauté chopped onion until translucent. 3. Add minced ginger and garlic; cook for a minute. 4. Stir in turmeric powder, chili powder, cumin powder, and coriander powder. 5. Add diced eggplant and chopped tomatoes. 6. Cook until eggplant is tender. 7. Season with salt. 8. Garnish with fresh cilantro leaves.",Baingan Bharta,400,Recipes Pictures\Baingan Bharta.jpeg
186,"chicken, rice flour, cornstarch, ginger-garlic paste, soy sauce, red chili flakes, vegetable oil, onion, bell peppers, green chili peppers, fresh cilantro leaves","1. In a bowl, mix chicken with rice flour, cornstarch, ginger-garlic paste, soy sauce, and red chili flakes. 2. Heat vegetable oil in a skillet and add chopped onion and bell peppers. Sauté until tender. 3. Add marinated chicken and cook until crispy and cooked through. 4. Stir in green chili peppers and cook for a minute. 5. Garnish with fresh cilantro leaves before serving.",Chilli Chicken,500,Recipes Pictures\Chilli Chicken.jpeg
187,"potatoes, vegetable oil, mustard seeds, cumin seeds, turmeric powder, chili powder, salt, fresh cilantro leaves","1. Heat vegetable oil in a pan and add mustard seeds and cumin seeds. 2. Sauté until they sizzle. 3. Add diced potatoes and cook until tender. 4. Stir in turmeric powder, chili powder, and salt. 5. Cook until potatoes are crispy. 6. Garnish with fresh cilantro leaves.",Aloo Fry,300,Recipes Pictures\Aloo Fry.jpeg
188,"chicken, yogurt, ginger-garlic paste, garam masala, turmeric powder, chili powder, cumin powder, salt, vegetable oil, onion, fresh cilantro leaves","1. Marinate chicken in yogurt, ginger-garlic paste, garam masala, turmeric powder, chili powder, cumin powder, and salt. 2. Heat vegetable oil in a skillet and add chopped onion. Sauté until golden brown. 3. Add marinated chicken and cook until browned. 4. Garnish with fresh cilantro leaves before serving.",Chicken Korma,400,Recipes Pictures\Chicken Korma.jpeg
189,"potatoes, cauliflower, green peas, vegetable oil, cumin seeds, ginger, garlic, turmeric powder, chili powder, cumin powder, salt, fresh cilantro leaves","1. Heat vegetable oil in a pan and add cumin seeds. 2. Sauté minced ginger and garlic. 3. Add diced potatoes, cauliflower florets, and green peas. 4. Stir in turmeric powder, chili powder, cumin powder, and salt. 5. Cook until vegetables are tender. 6. Garnish with fresh cilantro leaves.",Aloo Gobi Matar,350,Recipes Pictures\Aloo Gobi Matar.jpeg
190,"spinach, garlic, ginger, green chili peppers, garam masala, salt, vegetable oil, fresh lemon juice","1. Heat vegetable oil in a pan and add minced garlic, ginger, and green chili peppers. 2. Sauté until fragrant. 3. Add chopped spinach and cook until wilted. 4. Stir in garam masala and salt. 5. Cook for a few more minutes. 6. Finish with a squeeze of fresh lemon juice before serving.",Saag,300,Recipes Pictures\Saag.jpeg
191,"chicken, rice, saffron threads, warm milk, yogurt, ginger-garlic paste, garam masala, turmeric powder, chili powder, cumin powder, coriander powder, salt, vegetable oil, onion, fresh cilantro leaves","1. Soak saffron threads in warm milk. 2. Marinate chicken in yogurt, ginger-garlic paste, garam masala, turmeric powder, chili powder, cumin powder, coriander powder, and salt. 3. Heat vegetable oil in a skillet and add chopped onion. Sauté until golden brown. 4. Add marinated chicken and cook until browned. 5. Layer cooked rice with chicken and saffron milk. 6. Garnish with fresh cilantro leaves before serving.",Chicken Biryani,350,Recipes Pictures\Chicken Biryani.jpeg
192,"lamb, rice, saffron threads, warm milk, yogurt, ginger-garlic paste, garam masala, turmeric powder, chili powder, cumin powder, coriander powder, salt, vegetable oil, onion, fresh cilantro leaves","1. Soak saffron threads in warm milk. 2. Marinate lamb in yogurt, ginger-garlic paste, garam masala, turmeric powder, chili powder, cumin powder, coriander powder, and salt. 3. Heat vegetable oil in a skillet and add chopped onion. Sauté until golden brown. 4. Add marinated lamb and cook until browned. 5. Layer cooked rice with lamb and saffron milk. 6. Garnish with fresh cilantro leaves before serving.",Lamb Biryani,400,Recipes Pictures\Lamb Biryani.jpeg
193,"shrimp, rice, saffron threads, warm milk, yogurt, ginger-garlic paste, garam masala, turmeric powder, chili powder, cumin powder, coriander powder, salt, vegetable oil, onion, fresh cilantro leaves","1. Soak saffron threads in warm milk. 2. Marinate shrimp in yogurt, ginger-garlic paste, garam masala, turmeric powder, chili powder, cumin powder, coriander powder, and salt. 3. Heat vegetable oil in a skillet and add chopped onion. Sauté until golden brown. 4. Add marinated shrimp and cook until pink and cooked through. 5. Layer cooked rice with shrimp and saffron milk. 6. Garnish with fresh cilantro leaves before serving.",Shrimp Biryani,500,Recipes Pictures\Shrimp Biryani.jpeg
194,"rice vermicelli, vegetable oil, mustard seeds, cumin seeds, urad dal, chana dal, dried red chili peppers, curry leaves, onion, green beans, carrot, green peas, turmeric powder, salt, fresh cilantro leaves","1. Cook rice vermicelli according to package instructions, drain, and set aside. 2. In a pan, heat vegetable oil and add mustard seeds, cumin seeds, urad dal, chana dal, dried red chili peppers, and curry leaves. Sauté until the dals turn golden. 3. Add chopped onion and cook until translucent. 4. Stir in green beans, carrot, green peas, and turmeric powder. 5. Cook until vegetables are tender. 6. Add cooked vermicelli and salt. 7. Garnish with fresh cilantro leaves.",Vermicelli Upma,450,Recipes Pictures\Vermicelli Upma.jpeg
195,"chickpea flour, vegetable oil, mustard seeds, cumin seeds, urad dal, chana dal, dried red chili peppers, asafoetida, fresh curry leaves, ginger, green chili peppers, turmeric powder, salt, fresh cilantro leaves","1. In a pan, heat vegetable oil and add mustard seeds, cumin seeds, urad dal, chana dal, dried red chili peppers, asafoetida, and fresh curry leaves. Sauté until the dals turn golden. 2. Add minced ginger and green chili peppers; cook for a minute. 3. Stir in chickpea flour and turmeric powder. 4. Cook, stirring continuously, until the mixture turns golden brown and aromatic. 5. Season with salt. 6. Garnish with fresh cilantro leaves.",Besan Chilla,250,Recipes Pictures\Besan Chilla.jpeg
196,"rice, lentils, vegetable oil, mustard seeds, cumin seeds, urad dal, chana dal, dried red chili peppers, asafoetida, fresh curry leaves, ginger, turmeric powder, salt, fresh cilantro leaves","1. Wash rice and lentils together and cook until soft. 2. In a pan, heat vegetable oil and add mustard seeds, cumin seeds, urad dal, chana dal, dried red chili peppers, asafoetida, and fresh curry leaves. Sauté until the dals turn golden. 3. Add minced ginger and turmeric powder; cook for a minute. 4. Stir in the cooked rice and lentils. 5. Season with salt. 6. Garnish with fresh cilantro leaves.",Tamarind Rice,350,Recipes Pictures\Tamarind Rice.jpeg
198,"eggplant, vegetable oil, mustard seeds, cumin seeds, urad dal, chana dal, dried red chili peppers, asafoetida, fresh curry leaves, turmeric powder, salt, fresh cilantro leaves","1. Dice eggplant. 2. In a pan, heat vegetable oil and add mustard seeds, cumin seeds, urad dal, chana dal, dried red chili peppers, asafoetida, and fresh curry leaves. Sauté until the dals turn golden. 3. Add diced eggplant and turmeric powder; cook until eggplant is tender. 4. Season with salt. 5. Garnish with fresh cilantro leaves.",Baingan Fry (Eggplant Fry),250,Recipes Pictures\Baingan Fry (Eggplant Fry).jpeg
199,"okra, vegetable oil, mustard seeds, cumin seeds, urad dal, chana dal, dried red chili peppers, asafoetida, fresh curry leaves, turmeric powder, salt, fresh cilantro leaves","1. Trim the ends of okra and slice them. 2. In a pan, heat vegetable oil and add mustard seeds, cumin seeds, urad dal, chana dal, dried red chili peppers, asafoetida, and fresh curry leaves. Sauté until the dals turn golden. 3. Add sliced okra and turmeric powder; cook until okra is tender. 4. Season with salt. 5. Garnish with fresh cilantro leaves.",Bhindi Fry (Okra Fry),300,Recipes Pictures\Bhindi Fry (Okra Fry).jpeg
200,"chicken, rice, yogurt, ginger-garlic paste, garam masala, turmeric powder, chili powder, cumin powder, coriander powder, salt, vegetable oil, onion, fresh cilantro leaves","1. Marinate chicken in yogurt, ginger-garlic paste, garam masala, turmeric powder, chili powder, cumin powder, coriander powder, and salt. 2. Heat vegetable oil in a skillet and add chopped onion. Sauté until golden brown. 3. Add marinated chicken and cook until browned. 4. Garnish with fresh cilantro leaves before serving.",Chicken Pulao,400,Recipes Pictures\Chicken Pulao.jpeg
201,"lamb, rice, yogurt, ginger-garlic paste, garam masala, turmeric powder, chili powder, cumin powder, coriander powder, salt, vegetable oil, onion, fresh cilantro leaves","1. Marinate lamb in yogurt, ginger-garlic paste, garam masala, turmeric powder, chili powder, cumin powder, coriander powder, and salt. 2. Heat vegetable oil in a skillet and add chopped onion. Sauté until golden brown. 3. Add marinated lamb and cook until browned. 4. Garnish with fresh cilantro leaves before serving.",Lamb Pulao,450,Recipes Pictures\Lamb Pulao.jpeg
202,"shrimp, rice, yogurt, ginger-garlic paste, garam masala, turmeric powder, chili powder, cumin powder, coriander powder, salt, vegetable oil, onion, fresh cilantro leaves","1. Marinate shrimp in yogurt, ginger-garlic paste, garam masala, turmeric powder, chili powder, cumin powder, coriander powder, and salt. 2. Heat vegetable oil in a skillet and add chopped onion. Sauté until golden brown. 3. Add marinated shrimp and cook until pink and cooked through. 4. Garnish with fresh cilantro leaves before serving.",Shrimp Pulao,500,Recipes Pictures\Shrimp Pulao.jpeg
204,"Minced meat, potatoes, onions, tomatoes, ginger, garlic, cumin seeds, coriander powder, turmeric, red chili powder, green chilies, cilantro","1. Sauté onions, tomatoes, and spices. 2. Add minced meat and cook. 3. Add potatoes and simmer. 4. Garnish with cilantro.",Aloo Keema (Minced Meat with Potatoes),350,Recipes Pictures\Aloo Keema (Minced Meat with Potatoes).jpeg
205,"Chicken or beef, wheat, barley, lentils, ghee, ginger, garlic, garam masala, turmeric, red chili powder, cumin seeds, coriander powder, mint leaves, cilantro","1. Cook grains and lentils. 2. Sauté ginger, garlic, and spices. 3. Add meat and simmer. 4. Garnish with mint and cilantro.",Haleem,300,Recipes Pictures\Haleem.jpeg
206,"Beef or mutton, wheat flour, ghee, ginger, garlic, garam masala, turmeric, red chili powder, cumin seeds, coriander powder, mint leaves, cilantro","1. Sauté ginger, garlic, and spices. 2. Add meat and cook. 3. Simmer with wheat flour. 4. Garnish with mint and cilantro.",Nihari,500,.jpegRecipes Pictures\Nihari
207,"Chicken, onions, tomatoes, ginger, garlic, yogurt, garam masala, turmeric, red chili powder, cumin seeds, coriander powder, green chilies, cilantro","1. Marinate chicken in yogurt and spices. 2. Sauté onions, tomatoes, and spices. 3. Add chicken and cook. 4. Garnish with cilantro.",Chicken Karahi,550,Recipes Pictures\Chicken Karahi.jpeg
209,"Beef, potatoes, onions, tomatoes, ginger, garlic, garam masala, turmeric, red chili powder, cumin seeds, coriander powder, green chilies, cilantro","1. Sauté onions, tomatoes, and spices. 2. Add beef and cook. 3. Add potatoes and simmer. 4. Garnish with cilantro.",Aloo Gosht (Beef with Potatoes),450,Recipes Pictures\Aloo Gosht (Beef with Potatoes).jpeg
211,"Lentils, onions, tomatoes, ginger, garlic, turmeric, red chili powder, cumin seeds, coriander powder, garam masala, green chilies, cilantro","1. Cook lentils. 2. Sauté onions, tomatoes, and spices. 3. Add lentils and simmer. 4. Garnish with cilantro.",Tarka Daal (Tempered Lentils),300,Recipes Pictures\Tarka Daal (Tempered Lentils).jpeg
212,"Fish, gram flour, ginger, garlic, red chili powder, turmeric, cumin seeds, coriander powder, garam masala, mint leaves, cilantro",1. Coat fish in gram flour and spices. 2. Fry until golden. 3. Garnish with mint and cilantro.,Masala Fish Fry,750,Recipes Pictures\Masala Fish Fry.jpeg
213,"Chicken, onions, tomatoes, ginger, garlic, garam masala, turmeric, red chili powder, cumin seeds, coriander powder, green chilies, cilantro","1. Sauté onions, tomatoes, and spices. 2. Add chicken and cook. 3. Garnish with cilantro.",Chicken Jalfrezi,500,Recipes Pictures\Chicken Jalfrezi.jpeg
215,"Potatoes, green peas, onions, tomatoes, ginger, garlic, turmeric, red chili powder, cumin seeds, coriander powder, garam masala, cilantro","1. Sauté onions, tomatoes, and spices. 2. Add potatoes and peas. 3. Simmer until tender. 4. Garnish with cilantro.",Aloo Matar (Potatoes with Green Peas),200,Recipes Pictures\Aloo Matar (Potatoes with Green Peas).jpeg
216,"Chicken, yogurt, ginger, garlic, garam masala, turmeric, red chili powder, cumin seeds, coriander powder, mint leaves, cilantro","1. Marinate chicken in yogurt, ginger, and garlic. 2. Sauté spices. 3. Add chicken and cook. 4. Garnish with mint and cilantro.",Chicken Saagwala,350,Recipes Pictures\Chicken Saagwala.jpeg
217,"Beef, gram flour, onions, tomatoes, ginger, garlic, garam masala, turmeric, red chili powder, cumin seeds, coriander powder, mint leaves, cilantro","1. Sauté onions, tomatoes, and spices. 2. Add beef and cook. 3. Garnish with mint and cilantro.",Beef Kofta Curry,550,Recipes Pictures\Beef Kofta Curry.jpeg
218,"Eggplant, tomatoes, onions, ginger, garlic, turmeric, red chili powder, cumin seeds, coriander powder, garam masala, cilantro","1. Sauté onions, tomatoes, and spices. 2. Add eggplant and cook. 3. Garnish with cilantro.",Baingan Bharta (Mashed Eggplant),250,Recipes Pictures\Baingan Bharta (Mashed Eggplant).jpeg
219,"Chicken, yogurt, ginger, garlic, garam masala, turmeric, red chili powder, cumin seeds, coriander powder, mint leaves, cilantro","1. Marinate chicken in yogurt, ginger, and garlic. 2. Sauté spices. 3. Add chicken and cook. 4. Garnish with mint and cilantro.",Chicken Handi,550,Recipes Pictures\Chicken Handi.jpeg
220,"Fish, mustard oil, mustard seeds, ginger, garlic, turmeric, red chili powder, cumin seeds, coriander powder, green chilies, cilantro","1. Marinate fish in mustard oil, ginger, and garlic. 2. Sauté spices. 3. Add fish and cook. 4. Garnish with cilantro.",Sarson Machli (Mustard Fish),950,Recipes Pictures\Sarson Machli (Mustard Fish).jpeg
221,"Lamb, yogurt, ginger, garlic, garam masala, turmeric, red chili powder, cumin seeds, coriander powder, mint leaves, cilantro","1. Marinate lamb in yogurt, ginger, and garlic. 2. Sauté spices. 3. Add lamb and cook. 4. Garnish with mint and cilantro.",Lamb Rogan Josh,1250,Recipes Pictures\Lamb Rogan Josh.jpeg
222,"Spinach, potatoes, onions, tomatoes, ginger, garlic, turmeric, red chili powder, cumin seeds, coriander powder, garam masala, cilantro","1. Sauté onions, tomatoes, and spices. 2. Add spinach and potatoes. 3. Simmer until tender. 4. Garnish with cilantro.",Saag Aloo (Spinach with Potatoes),300,Recipes Pictures\Saag Aloo (Spinach with Potatoes).jpeg
223,"Chicken, onions, tomatoes, ginger, garlic, garam masala, turmeric, red chili powder, cumin seeds, coriander powder, green chilies, cilantro","1. Sauté onions, tomatoes, and spices. 2. Add chicken and cook. 3. Garnish with cilantro.",Chicken Malai Boti,550,Recipes Pictures\Chicken Malai Boti.jpeg
225,"Cauliflower, potatoes, onions, tomatoes, ginger, garlic, turmeric, red chili powder, cumin seeds, coriander powder, garam masala, cilantro","1. Sauté onions, tomatoes, and spices. 2. Add cauliflower and potatoes. 3. Simmer until tender. 4. Garnish with cilantro.",Aloo Gobi (Cauliflower with Potatoes),250,Recipes Pictures\Aloo Gobi (Cauliflower with Potatoes).jpeg
226,"Chicken, yogurt, ginger, garlic, garam masala, turmeric, red chili powder, cumin seeds, coriander powder, mint leaves, cilantro","1. Marinate chicken in yogurt, ginger, and garlic. 2. Sauté spices. 3. Add chicken and cook. 4. Garnish with mint and cilantro.",Chicken Reshmi Kebab,750,Recipes Pictures\Chicken Reshmi Kebab.jpeg
227,"Lamb, yogurt, ginger, garlic, garam masala, turmeric, red chili powder, cumin seeds, coriander powder, mint leaves, cilantro","1. Marinate lamb in yogurt, ginger, and garlic. 2. Sauté spices. 3. Add lamb and cook. 4. Garnish with mint and cilantro.",Lamb Bihari Boti,800,Recipes Pictures\Lamb Bihari Boti.jpeg
